{"name":"0f59f814-3fd0-46b0-94db-c0af5ca7841e","id":"/providers/Microsoft.Flow/flows/0f59f814-3fd0-46b0-94db-c0af5ca7841e","type":"Microsoft.Flow/flows","properties":{"apiId":"/providers/Microsoft.PowerApps/apis/shared_logicflows","displayName":"Managed Online Endpoint consumption","definition":{"metadata":{"workflowEntityId":null,"processAdvisorMetadata":null,"flowclientsuspensionreason":"None","flowclientsuspensiontime":null,"flowclientsuspensionreasondetails":null,"creator":{"id":"f0bc53a8-808f-4831-9b43-659392e27ad1","type":"User","tenantId":"72f988bf-86f1-41af-91ab-2d7cd011db47"},"provisioningMethod":"FromDefinition","failureAlertSubscription":true,"clientLastModifiedTime":"2023-01-10T20:27:25.8347261Z"},"$schema":"https://schema.management.azure.com/providers/Microsoft.Logic/schemas/2016-06-01/workflowdefinition.json#","contentVersion":"1.0.0.0","parameters":{"$connections":{"defaultValue":{},"type":"Object"},"$authentication":{"defaultValue":{},"type":"SecureObject"}},"triggers":{"manual":{"metadata":{"operationMetadataId":"bde7be70-1b9d-4142-80a9-63e3a261e250"},"type":"Request","kind":"PowerApp","inputs":{"schema":{"type":"object","properties":{"ParseJSON_Content":{"type":"any","x-ms-powerflows-param-ispartial":false},"ParseJSON_Content_1":{"type":"any"}},"required":["ParseJSON_Content","ParseJSON_Content_1"]}}}},"actions":{"Parse_JSON":{"runAfter":{"HTTP":["Succeeded"]},"metadata":{"operationMetadataId":"713353ae-d819-4995-9089-0adeb23ea508"},"type":"ParseJson","inputs":{"content":"@body('HTTP')","schema":{"type":"number"}}},"Respond_to_a_PowerApp_or_flow":{"runAfter":{"Parse_JSON":["Succeeded"]},"metadata":{"operationMetadataId":"1b177bea-9bf9-4793-8a62-794617b4fed4"},"type":"Response","kind":"PowerApp","inputs":{"statusCode":200,"body":{"result":"@{string(body('Parse_JSON'))}"},"schema":{"type":"object","properties":{"result":{"title":"Result","x-ms-dynamically-added":true,"type":"string"}}}}},"HTTP":{"runAfter":{},"metadata":{"operationMetadataId":"79d01602-6df9-405b-ba09-aa5647ebbd5e"},"type":"OpenApiConnection","inputs":{"host":{"apiId":"/providers/Microsoft.PowerApps/apis/shared_webcontents","connectionName":"shared_webcontents_1","operationId":"InvokeHttp"},"parameters":{"request/method":"POST","request/url":"https://managedonlineendpointname.northeurope.inference.ml.azure.com/score","request/headers":{"Authorization":"Bearer {bearertoken}","Content-Type":"application/json"},"request/body":"{\"data\": [@{triggerBody()['ParseJSON_Content']},@{triggerBody()['ParseJSON_Content_1']}]}"},"authentication":{"value":"@json(decodeBase64(triggerOutputs().headers['X-MS-APIM-Tokens']))['$ConnectionKey']","type":"Raw"}}}}},"connectionReferences":{"shared_webcontents_1":{"connectionName":"shared-webcontents-5d86d594-6ae2-42ca-b497-a8d41a0b4ab2","source":"Invoker","id":"/providers/Microsoft.PowerApps/apis/shared_webcontents","tier":"NotSpecified"}},"flowFailureAlertSubscribed":false,"isManaged":false}}